{"bounds":[1721973.3732084506,7044436.526761846,1761109.1316904607,7083572.285243855],"altitude change":58.89999999999999}
{"bounds":[1721973.3732084506,7005300.768279833,1761109.1316904607,7044436.526761846],"altitude change":58.55}
{"bounds":[1721973.3732084506,6966165.009797822,1761109.1316904607,7005300.768279833],"altitude change":46.1}
{"bounds":[1721973.3732084506,6927029.251315814,1761109.1316904607,6966165.009797822],"altitude change":58.5}
{"bounds":[1721973.3732084506,6887893.492833804,1761109.1316904607,6927029.251315814],"altitude change":49.0}
{"bounds":[1721973.3732084506,6848757.734351791,1761109.1316904607,6887893.492833804],"altitude change":52.65}
{"bounds":[1721973.3732084506,6809621.975869781,1761109.1316904607,6848757.734351791],"altitude change":54.099999999999994}
{"bounds":[1721973.3732084506,6770486.217387771,1761109.1316904607,6809621.975869781],"altitude change":81.35}
{"bounds":[1721973.3732084506,6731350.458905762,1761109.1316904607,6770486.217387771],"altitude change":88.15}
{"bounds":[1721973.3732084506,6692214.700423751,1761109.1316904607,6731350.458905762],"altitude change":43.1}
{"bounds":[1721973.3732084506,6653078.941941739,1761109.1316904607,6692214.700423751],"altitude change":86.65}
{"bounds":[1721973.3732084506,6613943.183459732,1761109.1316904607,6653078.941941739],"altitude change":257.85}
{"bounds":[1721973.3732084506,6574807.4249777235,1761109.1316904607,6613943.183459732],"altitude change":644.0}
{"bounds":[1721973.3732084506,6535671.666495712,1761109.1316904607,6574807.4249777235],"altitude change":620.65}
{"bounds":[1721973.3732084506,6496535.908013698,1761109.1316904607,6535671.666495712],"altitude change":218.85000000000002}
{"bounds":[1721973.3732084506,6457400.14953169,1761109.1316904607,6496535.908013698],"altitude change":63.75}
{"bounds":[1721973.3732084506,6418264.3910496775,1761109.1316904607,6457400.14953169],"altitude change":208.6}
{"bounds":[1721973.3732084506,6379128.632567668,1761109.1316904607,6418264.3910496775],"altitude change":204.09999999999997}
{"bounds":[1721973.3732084506,6339992.874085658,1761109.1316904607,6379128.632567668],"altitude change":155.95}
{"bounds":[1721973.3732084506,6300857.115603647,1761109.1316904607,6339992.874085658],"altitude change":165.90000000000003}
{"bounds":[1761109.1316904607,7279251.0776539035,1800244.8901724708,7318386.836135918],"altitude change":14.5}
{"bounds":[1761109.1316904607,7240115.319171896,1800244.8901724708,7279251.0776539035],"altitude change":20.0}
{"bounds":[1761109.1316904607,7200979.560689885,1800244.8901724708,7240115.319171896],"altitude change":49.8}
{"bounds":[1761109.1316904607,7161843.802207873,1800244.8901724708,7200979.560689885],"altitude change":56.1}
{"bounds":[1761109.1316904607,7122708.043725862,1800244.8901724708,7161843.802207873],"altitude change":83.44999999999999}
{"bounds":[1761109.1316904607,7083572.285243855,1800244.8901724708,7122708.043725862],"altitude change":72.55}
{"bounds":[1761109.1316904607,7044436.526761846,1800244.8901724708,7083572.285243855],"altitude change":65.19999999999999}
{"bounds":[1761109.1316904607,7005300.768279833,1800244.8901724708,7044436.526761846],"altitude change":51.55}
{"bounds":[1761109.1316904607,6966165.009797822,1800244.8901724708,7005300.768279833],"altitude change":43.45}
{"bounds":[1761109.1316904607,6927029.251315814,1800244.8901724708,6966165.009797822],"altitude change":45.75}
{"bounds":[1761109.1316904607,6887893.492833804,1800244.8901724708,6927029.251315814],"altitude change":54.45}
{"bounds":[1761109.1316904607,6848757.734351791,1800244.8901724708,6887893.492833804],"altitude change":50.400000000000006}
{"bounds":[1761109.1316904607,6809621.975869781,1800244.8901724708,6848757.734351791],"altitude change":27.150000000000002}
{"bounds":[1761109.1316904607,6770486.217387771,1800244.8901724708,6809621.975869781],"altitude change":36.7}
{"bounds":[1761109.1316904607,6731350.458905762,1800244.8901724708,6770486.217387771],"altitude change":85.60000000000001}
{"bounds":[1761109.1316904607,6692214.700423751,1800244.8901724708,6731350.458905762],"altitude change":75.5}
{"bounds":[1761109.1316904607,6653078.941941739,1800244.8901724708,6692214.700423751],"altitude change":55.900000000000006}
{"bounds":[1761109.1316904607,6613943.183459732,1800244.8901724708,6653078.941941739],"altitude change":279.75}
{"bounds":[1761109.1316904607,6574807.4249777235,1800244.8901724708,6613943.183459732],"altitude change":467.5}
{"bounds":[1761109.1316904607,6535671.666495712,1800244.8901724708,6574807.4249777235],"altitude change":422.69999999999993}
{"bounds":[1761109.1316904607,6496535.908013698,1800244.8901724708,6535671.666495712],"altitude change":199.8}
{"bounds":[1761109.1316904607,6457400.14953169,1800244.8901724708,6496535.908013698],"altitude change":120.0}
{"bounds":[1761109.1316904607,6418264.3910496775,1800244.8901724708,6457400.14953169],"altitude change":145.75}
{"bounds":[1761109.1316904607,6379128.632567668,1800244.8901724708,6418264.3910496775],"altitude change":222.70000000000002}
{"bounds":[1761109.1316904607,6339992.874085658,1800244.8901724708,6379128.632567668],"altitude change":188.55}
{"bounds":[1761109.1316904607,6300857.115603647,1800244.8901724708,6339992.874085658],"altitude change":183.8}
{"bounds":[1800244.8901724708,7279251.0776539035,1839380.6486544814,7318386.836135918],"altitude change":14.0}
{"bounds":[1800244.8901724708,7240115.319171896,1839380.6486544814,7279251.0776539035],"altitude change":50.0}
{"bounds":[1800244.8901724708,7200979.560689885,1839380.6486544814,7240115.319171896],"altitude change":79.6}
{"bounds":[1800244.8901724708,7161843.802207873,1839380.6486544814,7200979.560689885],"altitude change":92.35000000000001}
{"bounds":[1800244.8901724708,7122708.043725862,1839380.6486544814,7161843.802207873],"altitude change":88.4}
{"bounds":[1800244.8901724708,7083572.285243855,1839380.6486544814,7122708.043725862],"altitude change":77.0}
{"bounds":[1800244.8901724708,7044436.526761846,1839380.6486544814,7083572.285243855],"altitude change":57.9}
{"bounds":[1800244.8901724708,7005300.768279833,1839380.6486544814,7044436.526761846],"altitude change":48.35000000000001}
{"bounds":[1800244.8901724708,6966165.009797822,1839380.6486544814,7005300.768279833],"altitude change":55.0}
{"bounds":[1800244.8901724708,6927029.251315814,1839380.6486544814,6966165.009797822],"altitude change":47.9}
{"bounds":[1800244.8901724708,6887893.492833804,1839380.6486544814,6927029.251315814],"altitude change":50.199999999999996}
{"bounds":[1800244.8901724708,6848757.734351791,1839380.6486544814,6887893.492833804],"altitude change":34.95}
{"bounds":[1800244.8901724708,6809621.975869781,1839380.6486544814,6848757.734351791],"altitude change":32.95}
{"bounds":[1800244.8901724708,6770486.217387771,1839380.6486544814,6809621.975869781],"altitude change":43.349999999999994}
{"bounds":[1800244.8901724708,6731350.458905762,1839380.6486544814,6770486.217387771],"altitude change":30.9}
{"bounds":[1800244.8901724708,6692214.700423751,1839380.6486544814,6731350.458905762],"altitude change":75.55}
{"bounds":[1800244.8901724708,6653078.941941739,1839380.6486544814,6692214.700423751],"altitude change":42.75}
{"bounds":[1800244.8901724708,6613943.183459732,1839380.6486544814,6653078.941941739],"altitude change":117.9}
{"bounds":[1800244.8901724708,6574807.4249777235,1839380.6486544814,6613943.183459732],"altitude change":332.7}
{"bounds":[1800244.8901724708,6535671.666495712,1839380.6486544814,6574807.4249777235],"altitude change":346.45}
{"bounds":[1800244.8901724708,6496535.908013698,1839380.6486544814,6535671.666495712],"altitude change":403.34999999999997}
{"bounds":[1800244.8901724708,6457400.14953169,1839380.6486544814,6496535.908013698],"altitude change":418.34999999999997}
{"bounds":[1800244.8901724708,6418264.3910496775,1839380.6486544814,6457400.14953169],"altitude change":182.39999999999998}
{"bounds":[1800244.8901724708,6379128.632567668,1839380.6486544814,6418264.3910496775],