{"bounds":[1956787.924100512,6574807.4249777235,1995923.682582522,6613943.183459732],"altitude change":30.200000000000003}
{"bounds":[1956787.924100512,6535671.666495712,1995923.682582522,6574807.4249777235],"altitude change":42.2}
{"bounds":[1956787.924100512,6496535.908013698,1995923.682582522,6535671.666495712],"altitude change":67.25000000000001}
{"bounds":[1956787.924100512,6457400.14953169,1995923.682582522,6496535.908013698],"altitude change":209.55}
{"bounds":[1956787.924100512,6418264.3910496775,1995923.682582522,6457400.14953169],"altitude change":206.15}
{"bounds":[1956787.924100512,6379128.632567668,1995923.682582522,6418264.3910496775],"altitude change":220.15}
{"bounds":[1956787.924100512,6339992.874085658,1995923.682582522,6379128.632567668],"altitude change":315.2}
{"bounds":[1956787.924100512,6300857.115603647,1995923.682582522,6339992.874085658],"altitude change":320.1}
{"bounds":[1995923.682582522,7279251.0776539035,2035059.4410645326,7318386.836135918],"altitude change":88.05}
{"bounds":[1995923.682582522,7240115.319171896,2035059.4410645326,7279251.0776539035],"altitude change":106.75}
{"bounds":[1995923.682582522,7200979.560689885,2035059.4410645326,7240115.319171896],"altitude change":93.30000000000001}
{"bounds":[1995923.682582522,7161843.802207873,2035059.4410645326,7200979.560689885],"altitude change":70.2}
{"bounds":[1995923.682582522,7122708.043725862,2035059.4410645326,7161843.802207873],"altitude change":37.25}
{"bounds":[1995923.682582522,7083572.285243855,2035059.4410645326,7122708.043725862],"altitude change":44.6}
{"bounds":[1995923.682582522,7044436.526761846,2035059.4410645326,7083572.285243855],"altitude change":29.250000000000007}
{"bounds":[1995923.682582522,7005300.768279833,2035059.4410645326,7044436.526761846],"altitude change":49.7}
{"bounds":[1995923.682582522,6966165.009797822,2035059.4410645326,7005300.768279833],"altitude change":44.05}
{"bounds":[1995923.682582522,6927029.251315814,2035059.4410645326,6966165.009797822],"altitude change":66.39999999999999}
{"bounds":[1995923.682582522,6887893.492833804,2035059.4410645326,6927029.251315814],"altitude change":28.599999999999994}
{"bounds":[1995923.682582522,6848757.734351791,2035059.4410645326,6887893.492833804],"altitude change":68.05}
{"bounds":[1995923.682582522,6809621.975869781,2035059.4410645326,6848757.734351791],"altitude change":29.150000000000006}
{"bounds":[1995923.682582522,6770486.217387771,2035059.4410645326,6809621.975869781],"altitude change":30.049999999999997}
{"bounds":[1995923.682582522,6731350.458905762,2035059.4410645326,6770486.217387771],"altitude change":45.449999999999996}
{"bounds":[1995923.682582522,6692214.700423751,2035059.4410645326,6731350.458905762],"altitude change":68.75}
{"bounds":[1995923.682582522,6653078.941941739,2035059.4410645326,6692214.700423751],"altitude change":61.19999999999999}
{"bounds":[1995923.682582522,6613943.183459732,2035059.4410645326,6653078.941941739],"altitude change":41.44999999999999}
{"bounds":[1995923.682582522,6574807.4249777235,2035059.4410645326,6613943.183459732],"altitude change":52.400000000000006}
{"bounds":[1995923.682582522,6535671.666495712,2035059.4410645326,6574807.4249777235],"altitude change":63.10000000000001}
{"bounds":[1995923.682582522,6496535.908013698,2035059.4410645326,6535671.666495712],"altitude change":120.05000000000001}
{"bounds":[1995923.682582522,6457400.14953169,2035059.4410645326,6496535.908013698],"altitude change":65.6}
{"bounds":[1995923.682582522,6418264.3910496775,2035059.4410645326,6457400.14953169],"altitude change":178.35000000000002}
{"bounds":[1995923.682582522,6379128.632567668,2035059.4410645326,6418264.3910496775],"altitude change":227.60000000000002}
{"bounds":[1995923.682582522,6339992.874085658,2035059.4410645326,6379128.632567668],"altitude change":425.5}
{"bounds":[1995923.682582522,6300857.115603647,2035059.4410645326,6339992.874085658],"altitude change":335.35}
{"bounds":[2035059.4410645326,7279251.0776539035,2074195.1995465427,7318386.836135918],"altitude change":95.69999999999999}
{"bounds":[2035059.4410645326,7240115.319171896,2074195.1995465427,7279251.0776539035],"altitude change":131.35}
{"bounds":[2035059.4410645326,7200979.560689885,2074195.1995465427,7240115.319171896],"altitude change":134.85000000000002}
{"bounds":[2035059.4410645326,7161843.802207873,2074195.1995465427,7200979.560689885],"altitude change":95.05}
{"bounds":[2035059.4410645326,7122708.043725862,2074195.1995465427,7161843.802207873],"altitude change":54.14999999999999}
{"bounds":[2035059.4410645326,7083572.285243855,2074195.1995465427,7122708.043725862],"altitude change":43.150000000000006}
{"bounds":[2035059.4410645326,7044436.526761846,2074195.1995465427,7083572.285243855],"altitude change":51.8}
{"bounds":[2035059.4410645326,7005300.768279833,2074195.1995465427,7044436.526761846],"altitude change":45.0}
{"bounds":[2035059.4410645326,6966165.009797822,2074195.1995465427,7005300.768279833],"altitude change":42.3}
{"bounds":[2035059.4410645326,6927029.251315814,2074195.1995465427,6966165.009797822],"altitude change":22.1}
{"bounds":[2035059.4410645326,6887893.492833804,2074195.1995465427,6927029.251315814],"altitude change":28.4}
{"bounds":[2035059.4410645326,6848757.734351791,2074195.1995465427,6887893.492833804],"altitude change":76.35000000000001}
{"bounds":[2035059.4410645326,6809621.975869781,2074195.1995465427,6848757.734351791],"altitude change":59.85}
{"bounds":[2035059.4410645326,6770486.217387771,2074195.1995465427,6809621.975869781],"altitude change":65.30000000000001}
{"bounds":[2035059.4410645326,6731350.458905762,2074195.1995465427,6770486.217387771],"altitude change":32.849999999999994}
{"bounds":[2035059.4410645326,6692214.700423751,2074195.1995465427,6731350.458905762],"altitude change":43.400000000000006}
{"bounds":[2035059.4410645326,6653078.941941739,2074195.1995465427,6692214.700423751],"altitude change":36.650000000000006}
{"bounds":[2035059.4410645326,6613943.183459732,2074195.1995465427,6653078.941941739],"altitude change":63.20000000000002}
{"bounds":[2035059.4410645326,6574807.4249777235,2074195.1995465427,6613943.183459732],"altitude change":52.599999999999994}
{"bounds":[2035059.4410645326,6535671.666495712,2074195.1995465427,6574807.4249777235],"altitude change":53.0}
{"bounds":[2035059.4410645326,6496535.908013698,2074195.1995465427,6535671.666495712],"altitude change":64.30000000000001}
{"bounds":[2035059.4410645326,6457400.14953169,2074195.1995465427,6496535.908013698],"altitude change":75.9}
{"bounds":[2035059.4410645326,6418264.3910496775,2074195.1995465427,6457400.14953169],"altitude change":80.75}
{"bounds":[2035059.4410645326,6379128.632567668,2074195.1995465427,6418264.3910496775],"altitude change":407.34999999999997}
{"bounds":[2035059.4410645326,6339992.874085658,2074195.1995465427,6379128.632567668],"altitude change":487.04999999999995}
{"bounds":[2035059.4410645326,6300857.115603647,2074195.1995465427,6339992.874085658],"altitude change":400.25000000000006}
{"bounds":[2074195.1995465427,7279251.0776539035,2113330.9580285526,7318386.836135918],"altitude change":55.35}
{"bounds":[2074195.1995465427,7240115.319171896,2113330.9580285526,7279251.0776539035],"altitude change":46.0}
{"bounds":[2074195.1995465427,7200979.560689885,2113330.9580285526,7240115.319171896],"altitude change":69.3}
{"bounds":[2074195.1995465427,7161843.802207873,2113330.9580285526,7200979.560689885],"altitude change":50.05}
{"bounds":[2074195.1995465427,7122708.043725862,2113330.9580285526,7161843.802207873],"altitude change":50.05}
{"bounds":[2074195.1995465427,7083572.285243855,2113330.9580285526,7122708.043725862],"altitude change":57.650000000000006}
{"bounds":[2074195.1995465427,7044436.526761846,2113330.9580285526,7083572.285243855],"altitude change":57.95}
{"bounds":[2074195.1995465427,7005300.768279833,2113330.9580285526,7044436.526761846],"altitude change":29.65}
{"bounds":[2074195.1995465427,6966165.009797822,2113330.9580285526,7005300.768279833],