{"bounds":[1839380.6486544814,6809621.975869781,1878516.4071364915,6848757.734351791],"altitude change":40.650000000000006}
{"bounds":[1839380.6486544814,6770486.217387771,1878516.4071364915,6809621.975869781],"altitude change":44.349999999999994}
{"bounds":[1839380.6486544814,6731350.458905762,1878516.4071364915,6770486.217387771],"altitude change":44.5}
{"bounds":[1839380.6486544814,6692214.700423751,1878516.4071364915,6731350.458905762],"altitude change":60.45}
{"bounds":[1839380.6486544814,6653078.941941739,1878516.4071364915,6692214.700423751],"altitude change":60.550000000000004}
{"bounds":[1839380.6486544814,6613943.183459732,1878516.4071364915,6653078.941941739],"altitude change":84.65}
{"bounds":[1839380.6486544814,6574807.4249777235,1878516.4071364915,6613943.183459732],"altitude change":277.55}
{"bounds":[1839380.6486544814,6535671.666495712,1878516.4071364915,6574807.4249777235],"altitude change":382.55}
{"bounds":[1839380.6486544814,6496535.908013698,1878516.4071364915,6535671.666495712],"altitude change":329.95000000000005}
{"bounds":[1839380.6486544814,6457400.14953169,1878516.4071364915,6496535.908013698],"altitude change":536.5}
{"bounds":[1839380.6486544814,6418264.3910496775,1878516.4071364915,6457400.14953169],"altitude change":361.15}
{"bounds":[1839380.6486544814,6379128.632567668,1878516.4071364915,6418264.3910496775],"altitude change":201.75000000000003}
{"bounds":[1839380.6486544814,6339992.874085658,1878516.4071364915,6379128.632567668],"altitude change":234.5}
{"bounds":[1839380.6486544814,6300857.115603647,1878516.4071364915,6339992.874085658],"altitude change":212.55}
{"bounds":[1878516.4071364915,7279251.0776539035,1917652.1656185016,7318386.836135918],"altitude change":70.1}
{"bounds":[1878516.4071364915,7240115.319171896,1917652.1656185016,7279251.0776539035],"altitude change":64.0}
{"bounds":[1878516.4071364915,7200979.560689885,1917652.1656185016,7240115.319171896],"altitude change":78.10000000000001}
{"bounds":[1878516.4071364915,7161843.802207873,1917652.1656185016,7200979.560689885],"altitude change":92.45}
{"bounds":[1878516.4071364915,7122708.043725862,1917652.1656185016,7161843.802207873],"altitude change":57.05}
{"bounds":[1878516.4071364915,7083572.285243855,1917652.1656185016,7122708.043725862],"altitude change":58.55}
{"bounds":[1878516.4071364915,7044436.526761846,1917652.1656185016,7083572.285243855],"altitude change":52.85}
{"bounds":[1878516.4071364915,7005300.768279833,1917652.1656185016,7044436.526761846],"altitude change":58.75000000000001}
{"bounds":[1878516.4071364915,6966165.009797822,1917652.1656185016,7005300.768279833],"altitude change":71.89999999999999}
{"bounds":[1878516.4071364915,6927029.251315814,1917652.1656185016,6966165.009797822],"altitude change":27.4}
{"bounds":[1878516.4071364915,6887893.492833804,1917652.1656185016,6927029.251315814],"altitude change":53.5}
{"bounds":[1878516.4071364915,6848757.734351791,1917652.1656185016,6887893.492833804],"altitude change":49.75}
{"bounds":[1878516.4071364915,6809621.975869781,1917652.1656185016,6848757.734351791],"altitude change":31.950000000000003}
{"bounds":[1878516.4071364915,6770486.217387771,1917652.1656185016,6809621.975869781],"altitude change":43.35}
{"bounds":[1878516.4071364915,6731350.458905762,1917652.1656185016,6770486.217387771],"altitude change":30.150000000000006}
{"bounds":[1878516.4071364915,6692214.700423751,1917652.1656185016,6731350.458905762],"altitude change":47.10000000000001}
{"bounds":[1878516.4071364915,6653078.941941739,1917652.1656185016,6692214.700423751],"altitude change":80.80000000000001}
{"bounds":[1878516.4071364915,6613943.183459732,1917652.1656185016,6653078.941941739],"altitude change":25.75}
{"bounds":[1878516.4071364915,6574807.4249777235,1917652.1656185016,6613943.183459732],"altitude change":104.6}
{"bounds":[1878516.4071364915,6535671.666495712,1917652.1656185016,6574807.4249777235],"altitude change":112.80000000000001}
{"bounds":[1878516.4071364915,6496535.908013698,1917652.1656185016,6535671.666495712],"altitude change":378.70000000000005}
{"bounds":[1878516.4071364915,6457400.14953169,1917652.1656185016,6496535.908013698],"altitude change":529.75}
{"bounds":[1878516.4071364915,6418264.3910496775,1917652.1656185016,6457400.14953169],"altitude change":594.2}
{"bounds":[1878516.4071364915,6379128.632567668,1917652.1656185016,6418264.3910496775],"altitude change":183.95000000000002}
{"bounds":[1878516.4071364915,6339992.874085658,1917652.1656185016,6379128.632567668],"altitude change":231.7}
{"bounds":[1878516.4071364915,6300857.115603647,1917652.1656185016,6339992.874085658],"altitude change":192.14999999999998}
{"bounds":[1917652.1656185016,7279251.0776539035,1956787.924100512,7318386.836135918],"altitude change":73.6}
{"bounds":[1917652.1656185016,7240115.319171896,1956787.924100512,7279251.0776539035],"altitude change":72.15}
{"bounds":[1917652.1656185016,7200979.560689885,1956787.924100512,7240115.319171896],"altitude change":93.0}
{"bounds":[1917652.1656185016,7161843.802207873,1956787.924100512,7200979.560689885],"altitude change":66.39999999999999}
{"bounds":[1917652.1656185016,7122708.043725862,1956787.924100512,7161843.802207873],"altitude change":37.85}
{"bounds":[1917652.1656185016,7083572.285243855,1956787.924100512,7122708.043725862],"altitude change":50.8}
{"bounds":[1917652.1656185016,7044436.526761846,1956787.924100512,7083572.285243855],"altitude change":35.8}
{"bounds":[1917652.1656185016,7005300.768279833,1956787.924100512,7044436.526761846],"altitude change":73.75}
{"bounds":[1917652.1656185016,6966165.009797822,1956787.924100512,7005300.768279833],"altitude change":58.7}
{"bounds":[1917652.1656185016,6927029.251315814,1956787.924100512,6966165.009797822],"altitude change":30.449999999999996}
{"bounds":[1917652.1656185016,6887893.492833804,1956787.924100512,6927029.251315814],"altitude change":26.75}
{"bounds":[1917652.1656185016,6848757.734351791,1956787.924100512,6887893.492833804],"altitude change":34.65}
{"bounds":[1917652.1656185016,6809621.975869781,1956787.924100512,6848757.734351791],"altitude change":50.8}
{"bounds":[1917652.1656185016,6770486.217387771,1956787.924100512,6809621.975869781],"altitude change":42.75}
{"bounds":[1917652.1656185016,6731350.458905762,1956787.924100512,6770486.217387771],"altitude change":46.849999999999994}
{"bounds":[1917652.1656185016,6692214.700423751,1956787.924100512,6731350.458905762],"altitude change":71.45}
{"bounds":[1917652.1656185016,6653078.941941739,1956787.924100512,6692214.700423751],"altitude change":77.9}
{"bounds":[1917652.1656185016,6613943.183459732,1956787.924100512,6653078.941941739],"altitude change":35.5}
{"bounds":[1917652.1656185016,6574807.4249777235,1956787.924100512,6613943.183459732],"altitude change":30.950000000000003}
{"bounds":[1917652.1656185016,6535671.666495712,1956787.924100512,6574807.4249777235],"altitude change":87.35}
{"bounds":[1917652.1656185016,6496535.908013698,1956787.924100512,6535671.666495712],"altitude change":256.65}
{"bounds":[1917652.1656185016,6457400.14953169,1956787.924100512,6496535.908013698],"altitude change":605.65}
{"bounds":[1917652.1656185016,6418264.3910496775,1956787.924100512,6457400.14953169],"altitude change":559.65}
{"bounds":[1917652.1656185016,6379128.632567668,1956787.924100512,6418264.3910496775],"altitude change":296.55}
{"bounds":[1917652.1656185016,6339992.874085658,1956787.924100512,6379128.632567668],"altitude change":239.65}
{"bounds":[1917652.1656185016,6300857.115603647,1956787.924100512,6339992.874085658],"altitude change":201.15}
{"bounds":[1956787.924100512,7279251.0776539035,1995923.682582522,7318386.836135918],"altitude change":73.0}
{"bounds":[1956787.924100512,7240115.319171896,1995923.682582522,7279251.0776539035],"altitude change":117.55000000000001}
{"bounds":[1956787.924100512,7200979.560689885,1995923.682582522,7240115.319171896],"altitude change":78.39999999999999}
{"bounds":[1956787.924100512,7161843.802207873,1995923.682582522,7200979.560689885],