{"bounds":[1604566.0977624196,7279251.0776539035,1643701.8562444302,7318386.836135918],"altitude change":22.0}
{"bounds":[1604566.0977624196,7240115.319171896,1643701.8562444302,7279251.0776539035],"altitude change":14.5}
{"bounds":[1604566.0977624196,7200979.560689885,1643701.8562444302,7240115.319171896],"altitude change":6.5}
{"bounds":[1604566.0977624196,7161843.802207873,1643701.8562444302,7200979.560689885],"altitude change":62.900000000000006}
{"bounds":[1604566.0977624196,7122708.043725862,1643701.8562444302,7161843.802207873],"altitude change":81.9}
{"bounds":[1604566.0977624196,7083572.285243855,1643701.8562444302,7122708.043725862],"altitude change":34.25}
{"bounds":[1604566.0977624196,7044436.526761846,1643701.8562444302,7083572.285243855],"altitude change":89.35000000000001}
{"bounds":[1604566.0977624196,7005300.768279833,1643701.8562444302,7044436.526761846],"altitude change":76.8}
{"bounds":[1604566.0977624196,6966165.009797822,1643701.8562444302,7005300.768279833],"altitude change":60.75}
{"bounds":[1604566.0977624196,6927029.251315814,1643701.8562444302,6966165.009797822],"altitude change":60.85}
{"bounds":[1604566.0977624196,6887893.492833804,1643701.8562444302,6927029.251315814],"altitude change":53.55}
{"bounds":[1604566.0977624196,6848757.734351791,1643701.8562444302,6887893.492833804],"altitude change":69.2}
{"bounds":[1604566.0977624196,6809621.975869781,1643701.8562444302,6848757.734351791],"altitude change":74.75}
{"bounds":[1604566.0977624196,6770486.217387771,1643701.8562444302,6809621.975869781],"altitude change":50.849999999999994}
{"bounds":[1604566.0977624196,6731350.458905762,1643701.8562444302,6770486.217387771],"altitude change":79.1}
{"bounds":[1604566.0977624196,6692214.700423751,1643701.8562444302,6731350.458905762],"altitude change":66.9}
{"bounds":[1604566.0977624196,6653078.941941739,1643701.8562444302,6692214.700423751],"altitude change":110.4}
{"bounds":[1604566.0977624196,6613943.183459732,1643701.8562444302,6653078.941941739],"altitude change":225.29999999999998}
{"bounds":[1604566.0977624196,6574807.4249777235,1643701.8562444302,6613943.183459732],"altitude change":272.0}
{"bounds":[1604566.0977624196,6535671.666495712,1643701.8562444302,6574807.4249777235],"altitude change":198.50000000000003}
{"bounds":[1604566.0977624196,6496535.908013698,1643701.8562444302,6535671.666495712],"altitude change":173.15}
{"bounds":[1604566.0977624196,6457400.14953169,1643701.8562444302,6496535.908013698],"altitude change":101.19999999999999}
{"bounds":[1604566.0977624196,6418264.3910496775,1643701.8562444302,6457400.14953169],"altitude change":173.3}
{"bounds":[1604566.0977624196,6379128.632567668,1643701.8562444302,6418264.3910496775],"altitude change":235.05}
{"bounds":[1604566.0977624196,6339992.874085658,1643701.8562444302,6379128.632567668],"altitude change":184.5}
{"bounds":[1604566.0977624196,6300857.115603647,1643701.8562444302,6339992.874085658],"altitude change":103.44999999999999}
{"bounds":[1643701.8562444302,7279251.0776539035,1682837.6147264403,7318386.836135918],"altitude change":13.0}
{"bounds":[1643701.8562444302,7240115.319171896,1682837.6147264403,7279251.0776539035],"altitude change":16.5}
{"bounds":[1643701.8562444302,7200979.560689885,1682837.6147264403,7240115.319171896],"altitude change":6.0}
{"bounds":[1643701.8562444302,7161843.802207873,1682837.6147264403,7200979.560689885],"altitude change":34.65}
{"bounds":[1643701.8562444302,7122708.043725862,1682837.6147264403,7161843.802207873],"altitude change":43.7}
{"bounds":[1643701.8562444302,7083572.285243855,1682837.6147264403,7122708.043725862],"altitude change":44.4}
{"bounds":[1643701.8562444302,7044436.526761846,1682837.6147264403,7083572.285243855],"altitude change":42.0}
{"bounds":[1643701.8562444302,7005300.768279833,1682837.6147264403,7044436.526761846],"altitude change":45.7}
{"bounds":[1643701.8562444302,6966165.009797822,1682837.6147264403,7005300.768279833],"altitude change":39.25}
{"bounds":[1643701.8562444302,6927029.251315814,1682837.6147264403,6966165.009797822],"altitude change":68.2}
{"bounds":[1643701.8562444302,6887893.492833804,1682837.6147264403,6927029.251315814],"altitude change":60.7}
{"bounds":[1643701.8562444302,6848757.734351791,1682837.6147264403,6887893.492833804],"altitude change":68.45}
{"bounds":[1643701.8562444302,6809621.975869781,1682837.6147264403,6848757.734351791],"altitude change":53.7}
{"bounds":[1643701.8562444302,6770486.217387771,1682837.6147264403,6809621.975869781],"altitude change":48.2}
{"bounds":[1643701.8562444302,6731350.458905762,1682837.6147264403,6770486.217387771],"altitude change":70.3}
{"bounds":[1643701.8562444302,6692214.700423751,1682837.6147264403,6731350.458905762],"altitude change":61.4}
{"bounds":[1643701.8562444302,6653078.941941739,1682837.6147264403,6692214.700423751],"altitude change":130.2}
{"bounds":[1643701.8562444302,6613943.183459732,1682837.6147264403,6653078.941941739],"altitude change":164.35000000000002}
{"bounds":[1643701.8562444302,6574807.4249777235,1682837.6147264403,6613943.183459732],"altitude change":414.95}
{"bounds":[1643701.8562444302,6535671.666495712,1682837.6147264403,6574807.4249777235],"altitude change":380.2}
{"bounds":[1643701.8562444302,6496535.908013698,1682837.6147264403,6535671.666495712],"altitude change":91.85}
{"bounds":[1643701.8562444302,6457400.14953169,1682837.6147264403,6496535.908013698],"altitude change":57.44999999999999}
{"bounds":[1643701.8562444302,6418264.3910496775,1682837.6147264403,6457400.14953169],"altitude change":188.65}
{"bounds":[1643701.8562444302,6379128.632567668,1682837.6147264403,6418264.3910496775],"altitude change":172.29999999999998}
{"bounds":[1643701.8562444302,6339992.874085658,1682837.6147264403,6379128.632567668],"altitude change":177.74999999999997}
{"bounds":[1643701.8562444302,6300857.115603647,1682837.6147264403,6339992.874085658],"altitude change":158.8}
{"bounds":[1682837.6147264403,7279251.0776539035,1721973.3732084506,7318386.836135918],"altitude change":14.0}
{"bounds":[1682837.6147264403,7240115.319171896,1721973.3732084506,7279251.0776539035],"altitude change":17.0}
{"bounds":[1682837.6147264403,7200979.560689885,1721973.3732084506,7240115.319171896],"altitude change":18.05}
{"bounds":[1682837.6147264403,7161843.802207873,1721973.3732084506,7200979.560689885],"altitude change":40.3}
{"bounds":[1682837.6147264403,7122708.043725862,1721973.3732084506,7161843.802207873],"altitude change":36.2}
{"bounds":[1682837.6147264403,7083572.285243855,1721973.3732084506,7122708.043725862],"altitude change":50.0}
{"bounds":[1682837.6147264403,7044436.526761846,1721973.3732084506,7083572.285243855],"altitude change":61.10000000000001}
{"bounds":[1682837.6147264403,7005300.768279833,1721973.3732084506,7044436.526761846],"altitude change":44.199999999999996}
{"bounds":[1682837.6147264403,6966165.009797822,1721973.3732084506,7005300.768279833],"altitude change":57.15}
{"bounds":[1682837.6147264403,6927029.251315814,1721973.3732084506,6966165.009797822],"altitude change":45.0}
{"bounds":[1682837.6147264403,6887893.492833804,1721973.3732084506,6927029.251315814],"altitude change":67.0}
{"bounds":[1682837.6147264403,6848757.734351791,1721973.3732084506,6887893.492833804],"altitude change":96.7}
{"bounds":[1682837.6147264403,6809621.975869781,1721973.3732084506,6848757.734351791],"altitude change":57.300000000000004}
{"bounds":[1682837.6147264403,6770486.217387771,1721973.3732084506,6809621.975869781],"altitude change":93.85}
{"bounds":[1682837.6147264403,6731350.458905762,1721973.3732084506,6770486.217387771],"altitude change":61.05}
{"bounds":[1682837.6147264403,6692214.700423751,1721973.3732084506,6731350.458905762],"altitude change":68.75}
{"bounds":[1682837.6147264403,6653078.941941739,1721973.3732084506,6692214.700423751],"altitude change":87.0}
{"bounds":[1682837.6147264403,6613943.183459732,1721973.3732084506,6653078.941941739],