{"bounds":[2230738.233474584,7122708.043725862,2269873.991956594,7161843.802207873],"altitude change":59.55}
{"bounds":[2230738.233474584,7083572.285243855,2269873.991956594,7122708.043725862],"altitude change":71.1}
{"bounds":[2230738.233474584,7044436.526761846,2269873.991956594,7083572.285243855],"altitude change":48.45}
{"bounds":[2230738.233474584,7005300.768279833,2269873.991956594,7044436.526761846],"altitude change":44.2}
{"bounds":[2230738.233474584,6966165.009797822,2269873.991956594,7005300.768279833],"altitude change":53.39999999999999}
{"bounds":[2230738.233474584,6927029.251315814,2269873.991956594,6966165.009797822],"altitude change":32.199999999999996}
{"bounds":[2230738.233474584,6887893.492833804,2269873.991956594,6927029.251315814],"altitude change":35.55}
{"bounds":[2230738.233474584,6848757.734351791,2269873.991956594,6887893.492833804],"altitude change":50.900000000000006}
{"bounds":[2230738.233474584,6809621.975869781,2269873.991956594,6848757.734351791],"altitude change":26.200000000000003}
{"bounds":[2230738.233474584,6770486.217387771,2269873.991956594,6809621.975869781],"altitude change":46.300000000000004}
{"bounds":[2230738.233474584,6731350.458905762,2269873.991956594,6770486.217387771],"altitude change":46.8}
{"bounds":[2230738.233474584,6692214.700423751,2269873.991956594,6731350.458905762],"altitude change":62.14999999999999}
{"bounds":[2230738.233474584,6653078.941941739,2269873.991956594,6692214.700423751],"altitude change":60.650000000000006}
{"bounds":[2230738.233474584,6613943.183459732,2269873.991956594,6653078.941941739],"altitude change":96.14999999999999}
{"bounds":[2230738.233474584,6574807.4249777235,2269873.991956594,6613943.183459732],"altitude change":70.8}
{"bounds":[2230738.233474584,6535671.666495712,2269873.991956594,6574807.4249777235],"altitude change":69.8}
{"bounds":[2230738.233474584,6496535.908013698,2269873.991956594,6535671.666495712],"altitude change":105.4}
{"bounds":[2230738.233474584,6457400.14953169,2269873.991956594,6496535.908013698],"altitude change":88.80000000000001}
{"bounds":[2230738.233474584,6418264.3910496775,2269873.991956594,6457400.14953169],"altitude change":122.85}
{"bounds":[2230738.233474584,6379128.632567668,2269873.991956594,6418264.3910496775],"altitude change":453.4}
{"bounds":[2230738.233474584,6339992.874085658,2269873.991956594,6379128.632567668],"altitude change":460.3}
{"bounds":[2230738.233474584,6300857.115603647,2269873.991956594,6339992.874085658],"altitude change":1054.85}
{"bounds":[2269873.991956594,7279251.0776539035,2309009.750438604,7318386.836135918],"altitude change":31.900000000000002}
{"bounds":[2269873.991956594,7240115.319171896,2309009.750438604,7279251.0776539035],"altitude change":101.8}
{"bounds":[2269873.991956594,7200979.560689885,2309009.750438604,7240115.319171896],"altitude change":86.4}
{"bounds":[2269873.991956594,7161843.802207873,2309009.750438604,7200979.560689885],"altitude change":71.55000000000001}
{"bounds":[2269873.991956594,7122708.043725862,2309009.750438604,7161843.802207873],"altitude change":62.25}
{"bounds":[2269873.991956594,7083572.285243855,2309009.750438604,7122708.043725862],"altitude change":48.65}
{"bounds":[2269873.991956594,7044436.526761846,2309009.750438604,7083572.285243855],"altitude change":53.3}
{"bounds":[2269873.991956594,7005300.768279833,2309009.750438604,7044436.526761846],"altitude change":55.8}
{"bounds":[2269873.991956594,6966165.009797822,2309009.750438604,7005300.768279833],"altitude change":51.49999999999999}
{"bounds":[2269873.991956594,6927029.251315814,2309009.750438604,6966165.009797822],"altitude change":41.14999999999999}
{"bounds":[2269873.991956594,6887893.492833804,2309009.750438604,6927029.251315814],"altitude change":45.8}
{"bounds":[2269873.991956594,6848757.734351791,2309009.750438604,6887893.492833804],"altitude change":36.45}
{"bounds":[2269873.991956594,6809621.975869781,2309009.750438604,6848757.734351791],"altitude change":41.5}
{"bounds":[2269873.991956594,6770486.217387771,2309009.750438604,6809621.975869781],"altitude change":53.349999999999994}
{"bounds":[2269873.991956594,6731350.458905762,2309009.750438604,6770486.217387771],"altitude change":47.95}
{"bounds":[2269873.991956594,6692214.700423751,2309009.750438604,6731350.458905762],"altitude change":53.25}
{"bounds":[2269873.991956594,6653078.941941739,2309009.750438604,6692214.700423751],"altitude change":112.95}
{"bounds":[2269873.991956594,6613943.183459732,2309009.750438604,6653078.941941739],"altitude change":106.6}
{"bounds":[2269873.991956594,6574807.4249777235,2309009.750438604,6613943.183459732],"altitude change":137.05}
{"bounds":[2269873.991956594,6535671.666495712,2309009.750438604,6574807.4249777235],"altitude change":69.65}
{"bounds":[2269873.991956594,6496535.908013698,2309009.750438604,6535671.666495712],"altitude change":86.89999999999999}
{"bounds":[2269873.991956594,6457400.14953169,2309009.750438604,6496535.908013698],"altitude change":57.349999999999994}
{"bounds":[2269873.991956594,6418264.3910496775,2309009.750438604,6457400.14953169],"altitude change":153.85}
{"bounds":[2269873.991956594,6379128.632567668,2309009.750438604,6418264.3910496775],"altitude change":346.95}
{"bounds":[2269873.991956594,6339992.874085658,2309009.750438604,6379128.632567668],"altitude change":489.34999999999997}
{"bounds":[2269873.991956594,6300857.115603647,2309009.750438604,6339992.874085658],"altitude change":400.75}
{"bounds":[2309009.750438604,7279251.0776539035,2348145.5089206146,7318386.836135918],"altitude change":32.4}
{"bounds":[2309009.750438604,7240115.319171896,2348145.5089206146,7279251.0776539035],"altitude change":53.85}
{"bounds":[2309009.750438604,7200979.560689885,2348145.5089206146,7240115.319171896],"altitude change":48.7}
{"bounds":[2309009.750438604,7161843.802207873,2348145.5089206146,7200979.560689885],"altitude change":88.5}
{"bounds":[2309009.750438604,7122708.043725862,2348145.5089206146,7161843.802207873],"altitude change":56.65}
{"bounds":[2309009.750438604,7083572.285243855,2348145.5089206146,7122708.043725862],"altitude change":44.35}
{"bounds":[2309009.750438604,7044436.526761846,2348145.5089206146,7083572.285243855],"altitude change":34.25}
{"bounds":[2309009.750438604,7005300.768279833,2348145.5089206146,7044436.526761846],"altitude change":49.099999999999994}
{"bounds":[2309009.750438604,6966165.009797822,2348145.5089206146,7005300.768279833],"altitude change":49.00000000000001}
{"bounds":[2309009.750438604,6927029.251315814,2348145.5089206146,6966165.009797822],"altitude change":38.45}
{"bounds":[2309009.750438604,6887893.492833804,2348145.5089206146,6927029.251315814],"altitude change":46.3}
{"bounds":[2309009.750438604,6848757.734351791,2348145.5089206146,6887893.492833804],"altitude change":32.900000000000006}
{"bounds":[2309009.750438604,6809621.975869781,2348145.5089206146,6848757.734351791],"altitude change":35.5}
{"bounds":[2309009.750438604,6770486.217387771,2348145.5089206146,6809621.975869781],"altitude change":55.15}
{"bounds":[2309009.750438604,6731350.458905762,2348145.5089206146,6770486.217387771],"altitude change":51.349999999999994}
{"bounds":[2309009.750438604,6692214.700423751,2348145.5089206146,6731350.458905762],"altitude change":43.75000000000001}
{"bounds":[2309009.750438604,6653078.941941739,2348145.5089206146,6692214.700423751],"altitude change":120.39999999999999}
{"bounds":[2309009.750438604,6613943.183459732,2348145.5089206146,6653078.941941739],"altitude change":137.6}
{"bounds":[2309009.750438604,6574807.4249777235,2348145.5089206146,6613943.183459732],"altitude change":187.75000000000003}
{"bounds":[2309009.750438604,6535671.666495712,2348145.5089206146,6574807.4249777235],"altitude change":89.6}
{"bounds":[2309009.750438604,6496535.908013698,2348145.5089206146,6535671.666495712],"altitude change":84.10000000000001}
{"bounds":[2309009.750438604,6457400.14953169,2348145.5089206146,6496535.908013698],