{"bounds":[2074195.1995465427,6339992.874085658,2113330.9580285526,6379128.632567668],"altitude change":436.8}
{"bounds":[2074195.1995465427,6300857.115603647,2113330.9580285526,6339992.874085658],"altitude change":585.0}
{"bounds":[2113330.9580285526,7279251.0776539035,2152466.716510563,7318386.836135918],"altitude change":22.0}
{"bounds":[2113330.9580285526,7240115.319171896,2152466.716510563,7279251.0776539035],"altitude change":47.5}
{"bounds":[2113330.9580285526,7200979.560689885,2152466.716510563,7240115.319171896],"altitude change":22.95}
{"bounds":[2113330.9580285526,7161843.802207873,2152466.716510563,7200979.560689885],"altitude change":45.3}
{"bounds":[2113330.9580285526,7122708.043725862,2152466.716510563,7161843.802207873],"altitude change":62.8}
{"bounds":[2113330.9580285526,7083572.285243855,2152466.716510563,7122708.043725862],"altitude change":40.599999999999994}
{"bounds":[2113330.9580285526,7044436.526761846,2152466.716510563,7083572.285243855],"altitude change":44.05}
{"bounds":[2113330.9580285526,7005300.768279833,2152466.716510563,7044436.526761846],"altitude change":36.9}
{"bounds":[2113330.9580285526,6966165.009797822,2152466.716510563,7005300.768279833],"altitude change":48.15}
{"bounds":[2113330.9580285526,6927029.251315814,2152466.716510563,6966165.009797822],"altitude change":54.55}
{"bounds":[2113330.9580285526,6887893.492833804,2152466.716510563,6927029.251315814],"altitude change":52.849999999999994}
{"bounds":[2113330.9580285526,6848757.734351791,2152466.716510563,6887893.492833804],"altitude change":37.35}
{"bounds":[2113330.9580285526,6809621.975869781,2152466.716510563,6848757.734351791],"altitude change":31.599999999999994}
{"bounds":[2113330.9580285526,6770486.217387771,2152466.716510563,6809621.975869781],"altitude change":49.7}
{"bounds":[2113330.9580285526,6731350.458905762,2152466.716510563,6770486.217387771],"altitude change":45.5}
{"bounds":[2113330.9580285526,6692214.700423751,2152466.716510563,6731350.458905762],"altitude change":44.55}
{"bounds":[2113330.9580285526,6653078.941941739,2152466.716510563,6692214.700423751],"altitude change":125.95}
{"bounds":[2113330.9580285526,6613943.183459732,2152466.716510563,6653078.941941739],"altitude change":36.7}
{"bounds":[2113330.9580285526,6574807.4249777235,2152466.716510563,6613943.183459732],"altitude change":72.7}
{"bounds":[2113330.9580285526,6535671.666495712,2152466.716510563,6574807.4249777235],"altitude change":72.69999999999999}
{"bounds":[2113330.9580285526,6496535.908013698,2152466.716510563,6535671.666495712],"altitude change":77.05}
{"bounds":[2113330.9580285526,6457400.14953169,2152466.716510563,6496535.908013698],"altitude change":65.35}
{"bounds":[2113330.9580285526,6418264.3910496775,2152466.716510563,6457400.14953169],"altitude change":117.49999999999999}
{"bounds":[2113330.9580285526,6379128.632567668,2152466.716510563,6418264.3910496775],"altitude change":480.75}
{"bounds":[2113330.9580285526,6339992.874085658,2152466.716510563,6379128.632567668],"altitude change":572.4}
{"bounds":[2113330.9580285526,6300857.115603647,2152466.716510563,6339992.874085658],"altitude change":625.25}
{"bounds":[2152466.716510563,7279251.0776539035,2191602.4749925733,7318386.836135918],"altitude change":40.5}
{"bounds":[2152466.716510563,7240115.319171896,2191602.4749925733,7279251.0776539035],"altitude change":56.6}
{"bounds":[2152466.716510563,7200979.560689885,2191602.4749925733,7240115.319171896],"altitude change":104.45}
{"bounds":[2152466.716510563,7161843.802207873,2191602.4749925733,7200979.560689885],"altitude change":77.6}
{"bounds":[2152466.716510563,7122708.043725862,2191602.4749925733,7161843.802207873],"altitude change":76.9}
{"bounds":[2152466.716510563,7083572.285243855,2191602.4749925733,7122708.043725862],"altitude change":29.700000000000003}
{"bounds":[2152466.716510563,7044436.526761846,2191602.4749925733,7083572.285243855],"altitude change":49.400000000000006}
{"bounds":[2152466.716510563,7005300.768279833,2191602.4749925733,7044436.526761846],"altitude change":51.05}
{"bounds":[2152466.716510563,6966165.009797822,2191602.4749925733,7005300.768279833],"altitude change":43.10000000000001}
{"bounds":[2152466.716510563,6927029.251315814,2191602.4749925733,6966165.009797822],"altitude change":35.0}
{"bounds":[2152466.716510563,6887893.492833804,2191602.4749925733,6927029.251315814],"altitude change":39.55}
{"bounds":[2152466.716510563,6848757.734351791,2191602.4749925733,6887893.492833804],"altitude change":37.75}
{"bounds":[2152466.716510563,6809621.975869781,2191602.4749925733,6848757.734351791],"altitude change":26.4}
{"bounds":[2152466.716510563,6770486.217387771,2191602.4749925733,6809621.975869781],"altitude change":81.65}
{"bounds":[2152466.716510563,6731350.458905762,2191602.4749925733,6770486.217387771],"altitude change":61.749999999999986}
{"bounds":[2152466.716510563,6692214.700423751,2191602.4749925733,6731350.458905762],"altitude change":47.69999999999999}
{"bounds":[2152466.716510563,6653078.941941739,2191602.4749925733,6692214.700423751],"altitude change":150.39999999999998}
{"bounds":[2152466.716510563,6613943.183459732,2191602.4749925733,6653078.941941739],"altitude change":39.30000000000001}
{"bounds":[2152466.716510563,6574807.4249777235,2191602.4749925733,6613943.183459732],"altitude change":70.5}
{"bounds":[2152466.716510563,6535671.666495712,2191602.4749925733,6574807.4249777235],"altitude change":107.39999999999999}
{"bounds":[2152466.716510563,6496535.908013698,2191602.4749925733,6535671.666495712],"altitude change":107.69999999999999}
{"bounds":[2152466.716510563,6457400.14953169,2191602.4749925733,6496535.908013698],"altitude change":130.2}
{"bounds":[2152466.716510563,6418264.3910496775,2191602.4749925733,6457400.14953169],"altitude change":178.85000000000002}
{"bounds":[2152466.716510563,6379128.632567668,2191602.4749925733,6418264.3910496775],"altitude change":546.6999999999999}
{"bounds":[2152466.716510563,6339992.874085658,2191602.4749925733,6379128.632567668],"altitude change":603.7}
{"bounds":[2152466.716510563,6300857.115603647,2191602.4749925733,6339992.874085658],"altitude change":764.65}
{"bounds":[2191602.4749925733,7279251.0776539035,2230738.233474584,7318386.836135918],"altitude change":38.8}
{"bounds":[2191602.4749925733,7240115.319171896,2230738.233474584,7279251.0776539035],"altitude change":116.0}
{"bounds":[2191602.4749925733,7200979.560689885,2230738.233474584,7240115.319171896],"altitude change":69.8}
{"bounds":[2191602.4749925733,7161843.802207873,2230738.233474584,7200979.560689885],"altitude change":91.2}
{"bounds":[2191602.4749925733,7122708.043725862,2230738.233474584,7161843.802207873],"altitude change":38.89999999999999}
{"bounds":[2191602.4749925733,7083572.285243855,2230738.233474584,7122708.043725862],"altitude change":113.65}
{"bounds":[2191602.4749925733,7044436.526761846,2230738.233474584,7083572.285243855],"altitude change":106.35}
{"bounds":[2191602.4749925733,7005300.768279833,2230738.233474584,7044436.526761846],"altitude change":60.7}
{"bounds":[2191602.4749925733,6966165.009797822,2230738.233474584,7005300.768279833],"altitude change":39.25}
{"bounds":[2191602.4749925733,6927029.251315814,2230738.233474584,6966165.009797822],"altitude change":24.0}
{"bounds":[2191602.4749925733,6887893.492833804,2230738.233474584,6927029.251315814],"altitude change":58.45}
{"bounds":[2191602.4749925733,6848757.734351791,2230738.233474584,6887893.492833804],"altitude change":43.699999999999996}
{"bounds":[2191602.4749925733,6809621.975869781,2230738.233474584,6848757.734351791],"altitude change":21.549999999999997}
{"bounds":[2191602.4749925733,6770486.217387771,2230738.233474584,6809621.975869781],"altitude change":70.95}
{"bounds":[2191602.4749925733,6731350.458905762,2230738.233474584,6770486.217387771],"altitude change":47.599999999999994}
{"bounds":[2191602.4749925733,6692214.700423751,2230738.233474584,6731350.458905762],