{"bounds":[2465552.7843666454,6653078.941941739,2504688.5428486555,6692214.700423751],"altitude change":54.75}
{"bounds":[2465552.7843666454,6613943.183459732,2504688.5428486555,6653078.941941739],"altitude change":58.0}
{"bounds":[2465552.7843666454,6574807.4249777235,2504688.5428486555,6613943.183459732],"altitude change":69.69999999999999}
{"bounds":[2465552.7843666454,6535671.666495712,2504688.5428486555,6574807.4249777235],"altitude change":63.849999999999994}
{"bounds":[2465552.7843666454,6496535.908013698,2504688.5428486555,6535671.666495712],"altitude change":44.05}
{"bounds":[2465552.7843666454,6457400.14953169,2504688.5428486555,6496535.908013698],"altitude change":53.900000000000006}
{"bounds":[2465552.7843666454,6418264.3910496775,2504688.5428486555,6457400.14953169],"altitude change":130.8}
{"bounds":[2465552.7843666454,6379128.632567668,2504688.5428486555,6418264.3910496775],"altitude change":192.45}
{"bounds":[2465552.7843666454,6339992.874085658,2504688.5428486555,6379128.632567668],"altitude change":235.34999999999997}
{"bounds":[2465552.7843666454,6300857.115603647,2504688.5428486555,6339992.874085658],"altitude change":409.65}
{"bounds":[2504688.5428486555,7279251.0776539035,2543824.3013306656,7318386.836135918],"altitude change":57.25}
{"bounds":[2504688.5428486555,7240115.319171896,2543824.3013306656,7279251.0776539035],"altitude change":118.85}
{"bounds":[2504688.5428486555,7200979.560689885,2543824.3013306656,7240115.319171896],"altitude change":70.1}
{"bounds":[2504688.5428486555,7161843.802207873,2543824.3013306656,7200979.560689885],"altitude change":49.7}
{"bounds":[2504688.5428486555,7122708.043725862,2543824.3013306656,7161843.802207873],"altitude change":39.599999999999994}
{"bounds":[2504688.5428486555,7083572.285243855,2543824.3013306656,7122708.043725862],"altitude change":21.099999999999994}
{"bounds":[2504688.5428486555,7044436.526761846,2543824.3013306656,7083572.285243855],"altitude change":54.9}
{"bounds":[2504688.5428486555,7005300.768279833,2543824.3013306656,7044436.526761846],"altitude change":39.400000000000006}
{"bounds":[2504688.5428486555,6966165.009797822,2543824.3013306656,7005300.768279833],"altitude change":31.5}
{"bounds":[2504688.5428486555,6927029.251315814,2543824.3013306656,6966165.009797822],"altitude change":33.25}
{"bounds":[2504688.5428486555,6887893.492833804,2543824.3013306656,6927029.251315814],"altitude change":47.95}
{"bounds":[2504688.5428486555,6848757.734351791,2543824.3013306656,6887893.492833804],"altitude change":44.050000000000004}
{"bounds":[2504688.5428486555,6809621.975869781,2543824.3013306656,6848757.734351791],"altitude change":38.0}
{"bounds":[2504688.5428486555,6770486.217387771,2543824.3013306656,6809621.975869781],"altitude change":18.349999999999994}
{"bounds":[2504688.5428486555,6731350.458905762,2543824.3013306656,6770486.217387771],"altitude change":26.950000000000003}
{"bounds":[2504688.5428486555,6692214.700423751,2543824.3013306656,6731350.458905762],"altitude change":36.45}
{"bounds":[2504688.5428486555,6653078.941941739,2543824.3013306656,6692214.700423751],"altitude change":43.25}
{"bounds":[2504688.5428486555,6613943.183459732,2543824.3013306656,6653078.941941739],"altitude change":65.65}
{"bounds":[2504688.5428486555,6574807.4249777235,2543824.3013306656,6613943.183459732],"altitude change":68.19999999999999}
{"bounds":[2504688.5428486555,6535671.666495712,2543824.3013306656,6574807.4249777235],"altitude change":80.94999999999999}
{"bounds":[2504688.5428486555,6496535.908013698,2543824.3013306656,6535671.666495712],"altitude change":42.7}
{"bounds":[2504688.5428486555,6457400.14953169,2543824.3013306656,6496535.908013698],"altitude change":51.85000000000001}
{"bounds":[2504688.5428486555,6418264.3910496775,2543824.3013306656,6457400.14953169],"altitude change":130.85}
{"bounds":[2504688.5428486555,6379128.632567668,2543824.3013306656,6418264.3910496775],"altitude change":200.45}
{"bounds":[2504688.5428486555,6339992.874085658,2543824.3013306656,6379128.632567668],"altitude change":280.55}
{"bounds":[2504688.5428486555,6300857.115603647,2543824.3013306656,6339992.874085658],"altitude change":409.65}
{"bounds":[2543824.3013306656,7279251.0776539035,2582960.0598126757,7318386.836135918],"altitude change":56.4}
{"bounds":[2543824.3013306656,7240115.319171896,2582960.0598126757,7279251.0776539035],"altitude change":108.15}
{"bounds":[2543824.3013306656,7200979.560689885,2582960.0598126757,7240115.319171896],"altitude change":89.5}
{"bounds":[2543824.3013306656,7161843.802207873,2582960.0598126757,7200979.560689885],"altitude change":60.60000000000001}
{"bounds":[2543824.3013306656,7122708.043725862,2582960.0598126757,7161843.802207873],"altitude change":28.150000000000006}
{"bounds":[2543824.3013306656,7083572.285243855,2582960.0598126757,7122708.043725862],"altitude change":43.8}
{"bounds":[2543824.3013306656,7044436.526761846,2582960.0598126757,7083572.285243855],"altitude change":52.00000000000001}
{"bounds":[2543824.3013306656,7005300.768279833,2582960.0598126757,7044436.526761846],"altitude change":51.550000000000004}
{"bounds":[2543824.3013306656,6966165.009797822,2582960.0598126757,7005300.768279833],"altitude change":32.150000000000006}
{"bounds":[2543824.3013306656,6927029.251315814,2582960.0598126757,6966165.009797822],"altitude change":36.60000000000001}
{"bounds":[2543824.3013306656,6887893.492833804,2582960.0598126757,6927029.251315814],"altitude change":38.05}
{"bounds":[2543824.3013306656,6848757.734351791,2582960.0598126757,6887893.492833804],"altitude change":48.95}
{"bounds":[2543824.3013306656,6809621.975869781,2582960.0598126757,6848757.734351791],"altitude change":41.5}
{"bounds":[2543824.3013306656,6770486.217387771,2582960.0598126757,6809621.975869781],"altitude change":19.900000000000006}
{"bounds":[2543824.3013306656,6731350.458905762,2582960.0598126757,6770486.217387771],"altitude change":22.5}
{"bounds":[2543824.3013306656,6692214.700423751,2582960.0598126757,6731350.458905762],"altitude change":35.60000000000001}
{"bounds":[2543824.3013306656,6653078.941941739,2582960.0598126757,6692214.700423751],"altitude change":29.650000000000006}
{"bounds":[2543824.3013306656,6613943.183459732,2582960.0598126757,6653078.941941739],"altitude change":64.05000000000001}
{"bounds":[2543824.3013306656,6574807.4249777235,2582960.0598126757,6613943.183459732],"altitude change":61.95000000000002}
{"bounds":[2543824.3013306656,6535671.666495712,2582960.0598126757,6574807.4249777235],"altitude change":86.80000000000001}
{"bounds":[2543824.3013306656,6496535.908013698,2582960.0598126757,6535671.666495712],"altitude change":82.99999999999999}
{"bounds":[2543824.3013306656,6457400.14953169,2582960.0598126757,6496535.908013698],"altitude change":46.19999999999999}
{"bounds":[2543824.3013306656,6418264.3910496775,2582960.0598126757,6457400.14953169],"altitude change":50.10000000000001}
{"bounds":[2543824.3013306656,6379128.632567668,2582960.0598126757,6418264.3910496775],"altitude change":82.19999999999999}
{"bounds":[2543824.3013306656,6339992.874085658,2582960.0598126757,6379128.632567668],"altitude change":248.0}
{"bounds":[2543824.3013306656,6300857.115603647,2582960.0598126757,6339992.874085658],"altitude change":306.0}
{"bounds":[2582960.0598126757,7279251.0776539035,2622095.818294686,7318386.836135918],"altitude change":44.95}
{"bounds":[2582960.0598126757,7240115.319171896,2622095.818294686,7279251.0776539035],"altitude change":54.3}
{"bounds":[2582960.0598126757,7200979.560689885,2622095.818294686,7240115.319171896],"altitude change":56.15}
{"bounds":[2582960.0598126757,7161843.802207873,2622095.818294686,7200979.560689885],"altitude change":31.5}
{"bounds":[2582960.0598126757,7122708.043725862,2622095.818294686,7161843.802207873],"altitude change":36.95}
{"bounds":[2582960.0598126757,7083572.285243855,2622095.818294686,7122708.043725862],