{"bounds":[2348145.5089206146,6887893.492833804,2387281.2674026247,6927029.251315814],"altitude change":31.550000000000004}
{"bounds":[2348145.5089206146,6848757.734351791,2387281.2674026247,6887893.492833804],"altitude change":34.150000000000006}
{"bounds":[2348145.5089206146,6809621.975869781,2387281.2674026247,6848757.734351791],"altitude change":36.55}
{"bounds":[2348145.5089206146,6770486.217387771,2387281.2674026247,6809621.975869781],"altitude change":37.0}
{"bounds":[2348145.5089206146,6731350.458905762,2387281.2674026247,6770486.217387771],"altitude change":35.25}
{"bounds":[2348145.5089206146,6692214.700423751,2387281.2674026247,6731350.458905762],"altitude change":43.75000000000001}
{"bounds":[2348145.5089206146,6653078.941941739,2387281.2674026247,6692214.700423751],"altitude change":50.75}
{"bounds":[2348145.5089206146,6613943.183459732,2387281.2674026247,6653078.941941739],"altitude change":59.849999999999994}
{"bounds":[2348145.5089206146,6574807.4249777235,2387281.2674026247,6613943.183459732],"altitude change":193.75}
{"bounds":[2348145.5089206146,6535671.666495712,2387281.2674026247,6574807.4249777235],"altitude change":109.95}
{"bounds":[2348145.5089206146,6496535.908013698,2387281.2674026247,6535671.666495712],"altitude change":42.099999999999994}
{"bounds":[2348145.5089206146,6457400.14953169,2387281.2674026247,6496535.908013698],"altitude change":50.5}
{"bounds":[2348145.5089206146,6418264.3910496775,2387281.2674026247,6457400.14953169],"altitude change":169.35000000000002}
{"bounds":[2348145.5089206146,6379128.632567668,2387281.2674026247,6418264.3910496775],"altitude change":234.04999999999998}
{"bounds":[2348145.5089206146,6339992.874085658,2387281.2674026247,6379128.632567668],"altitude change":340.95}
{"bounds":[2348145.5089206146,6300857.115603647,2387281.2674026247,6339992.874085658],"altitude change":449.00000000000006}
{"bounds":[2387281.2674026247,7279251.0776539035,2426417.025884635,7318386.836135918],"altitude change":29.2}
{"bounds":[2387281.2674026247,7240115.319171896,2426417.025884635,7279251.0776539035],"altitude change":55.25}
{"bounds":[2387281.2674026247,7200979.560689885,2426417.025884635,7240115.319171896],"altitude change":57.6}
{"bounds":[2387281.2674026247,7161843.802207873,2426417.025884635,7200979.560689885],"altitude change":52.199999999999996}
{"bounds":[2387281.2674026247,7122708.043725862,2426417.025884635,7161843.802207873],"altitude change":37.8}
{"bounds":[2387281.2674026247,7083572.285243855,2426417.025884635,7122708.043725862],"altitude change":32.05}
{"bounds":[2387281.2674026247,7044436.526761846,2426417.025884635,7083572.285243855],"altitude change":24.950000000000003}
{"bounds":[2387281.2674026247,7005300.768279833,2426417.025884635,7044436.526761846],"altitude change":28.800000000000004}
{"bounds":[2387281.2674026247,6966165.009797822,2426417.025884635,7005300.768279833],"altitude change":26.15}
{"bounds":[2387281.2674026247,6927029.251315814,2426417.025884635,6966165.009797822],"altitude change":29.849999999999994}
{"bounds":[2387281.2674026247,6887893.492833804,2426417.025884635,6927029.251315814],"altitude change":28.15}
{"bounds":[2387281.2674026247,6848757.734351791,2426417.025884635,6887893.492833804],"altitude change":65.2}
{"bounds":[2387281.2674026247,6809621.975869781,2426417.025884635,6848757.734351791],"altitude change":58.050000000000004}
{"bounds":[2387281.2674026247,6770486.217387771,2426417.025884635,6809621.975869781],"altitude change":44.0}
{"bounds":[2387281.2674026247,6731350.458905762,2426417.025884635,6770486.217387771],"altitude change":47.949999999999996}
{"bounds":[2387281.2674026247,6692214.700423751,2426417.025884635,6731350.458905762],"altitude change":44.150000000000006}
{"bounds":[2387281.2674026247,6653078.941941739,2426417.025884635,6692214.700423751],"altitude change":39.75}
{"bounds":[2387281.2674026247,6613943.183459732,2426417.025884635,6653078.941941739],"altitude change":56.25000000000001}
{"bounds":[2387281.2674026247,6574807.4249777235,2426417.025884635,6613943.183459732],"altitude change":70.25}
{"bounds":[2387281.2674026247,6535671.666495712,2426417.025884635,6574807.4249777235],"altitude change":83.5}
{"bounds":[2387281.2674026247,6496535.908013698,2426417.025884635,6535671.666495712],"altitude change":55.45}
{"bounds":[2387281.2674026247,6457400.14953169,2426417.025884635,6496535.908013698],"altitude change":44.25}
{"bounds":[2387281.2674026247,6418264.3910496775,2426417.025884635,6457400.14953169],"altitude change":168.7}
{"bounds":[2387281.2674026247,6379128.632567668,2426417.025884635,6418264.3910496775],"altitude change":166.25}
{"bounds":[2387281.2674026247,6339992.874085658,2426417.025884635,6379128.632567668],"altitude change":237.3}
{"bounds":[2387281.2674026247,6300857.115603647,2426417.025884635,6339992.874085658],"altitude change":260.9}
{"bounds":[2426417.025884635,7279251.0776539035,2465552.7843666454,7318386.836135918],"altitude change":32.95}
{"bounds":[2426417.025884635,7240115.319171896,2465552.7843666454,7279251.0776539035],"altitude change":61.7}
{"bounds":[2426417.025884635,7200979.560689885,2465552.7843666454,7240115.319171896],"altitude change":68.4}
{"bounds":[2426417.025884635,7161843.802207873,2465552.7843666454,7200979.560689885],"altitude change":58.949999999999996}
{"bounds":[2426417.025884635,7122708.043725862,2465552.7843666454,7161843.802207873],"altitude change":52.699999999999996}
{"bounds":[2426417.025884635,7083572.285243855,2465552.7843666454,7122708.043725862],"altitude change":52.00000000000001}
{"bounds":[2426417.025884635,7044436.526761846,2465552.7843666454,7083572.285243855],"altitude change":57.35}
{"bounds":[2426417.025884635,7005300.768279833,2465552.7843666454,7044436.526761846],"altitude change":46.25}
{"bounds":[2426417.025884635,6966165.009797822,2465552.7843666454,7005300.768279833],"altitude change":63.7}
{"bounds":[2426417.025884635,6927029.251315814,2465552.7843666454,6966165.009797822],"altitude change":36.099999999999994}
{"bounds":[2426417.025884635,6887893.492833804,2465552.7843666454,6927029.251315814],"altitude change":44.05}
{"bounds":[2426417.025884635,6848757.734351791,2465552.7843666454,6887893.492833804],"altitude change":55.150000000000006}
{"bounds":[2426417.025884635,6809621.975869781,2465552.7843666454,6848757.734351791],"altitude change":46.2}
{"bounds":[2426417.025884635,6770486.217387771,2465552.7843666454,6809621.975869781],"altitude change":37.2}
{"bounds":[2426417.025884635,6731350.458905762,2465552.7843666454,6770486.217387771],"altitude change":40.150000000000006}
{"bounds":[2426417.025884635,6692214.700423751,2465552.7843666454,6731350.458905762],"altitude change":46.55}
{"bounds":[2426417.025884635,6653078.941941739,2465552.7843666454,6692214.700423751],"altitude change":64.30000000000001}
{"bounds":[2426417.025884635,6613943.183459732,2465552.7843666454,6653078.941941739],"altitude change":62.8}
{"bounds":[2426417.025884635,6574807.4249777235,2465552.7843666454,6613943.183459732],"altitude change":80.75}
{"bounds":[2426417.025884635,6535671.666495712,2465552.7843666454,6574807.4249777235],"altitude change":33.599999999999994}
{"bounds":[2426417.025884635,6496535.908013698,2465552.7843666454,6535671.666495712],"altitude change":53.150000000000006}
{"bounds":[2426417.025884635,6457400.14953169,2465552.7843666454,6496535.908013698],"altitude change":39.10000000000001}
{"bounds":[2426417.025884635,6418264.3910496775,2465552.7843666454,6457400.14953169],"altitude change":155.5}
{"bounds":[2426417.025884635,6379128.632567668,2465552.7843666454,6418264.3910496775],"altitude change":178.60000000000002}
{"bounds":[2426417.025884635,6339992.874085658,2465552.7843666454,6379128.632567668],"altitude change":292.85}
{"bounds":[2426417.025884635,6300857.115603647,2465552.7843666454,6339992.874085658],"altitude change":334.85}
{"bounds":[2465552.7843666454,7279251.0776539035,2504688.5428486555,7318386.836135918],